customer_id,name,email,registration_date,city,country
1,Customer_1,customer1@email.com,1/1/2020,Houston,USA
2,Customer_2,customer2@email.com,1/2/2020,Phoenix,USA
3,Customer_3,customer3@email.com,1/3/2020,Chicago,USA
4,Customer_4,customer4@email.com,1/4/2020,Phoenix,USA
5,Customer_5,customer5@email.com,1/5/2020,Phoenix,USA
6,Customer_6,customer6@email.com,1/6/2020,Los Angeles,USA
7,Customer_7,customer7@email.com,1/7/2020,Chicago,USA
8,Customer_8,customer8@email.com,1/8/2020,Chicago,USA
9,Customer_9,customer9@email.com,1/9/2020,Chicago,USA
10,Customer_10,customer10@email.com,1/10/2020,Phoenix,USA
11,Customer_11,customer11@email.com,1/11/2020,Houston,USA
12,Customer_12,customer12@email.com,1/12/2020,Chicago,USA
13,Customer_13,customer13@email.com,1/13/2020,Phoenix,USA
14,Customer_14,customer14@email.com,1/14/2020,Los Angeles,USA
15,Customer_15,customer15@email.com,1/15/2020,Houston,USA
16,Customer_16,customer16@email.com,1/16/2020,Los Angeles,USA
17,Customer_17,customer17@email.com,1/17/2020,Houston,USA
18,Customer_18,customer18@email.com,1/18/2020,Phoenix,USA
19,Customer_19,customer19@email.com,1/19/2020,New York,USA
20,Customer_20,customer20@email.com,1/20/2020,Houston,USA
21,Customer_21,customer21@email.com,1/21/2020,Los Angeles,USA
22,Customer_22,customer22@email.com,1/22/2020,Phoenix,USA
23,Customer_23,customer23@email.com,1/23/2020,Houston,USA
24,Customer_24,customer24@email.com,1/24/2020,New York,USA
25,Customer_25,customer25@email.com,1/25/2020,New York,USA
26,Customer_26,customer26@email.com,1/26/2020,Chicago,USA
27,Customer_27,customer27@email.com,1/27/2020,Chicago,USA
28,Customer_28,customer28@email.com,1/28/2020,Los Angeles,USA
29,Customer_29,customer29@email.com,1/29/2020,Houston,USA
30,Customer_30,customer30@email.com,1/30/2020,Houston,USA
31,Customer_31,customer31@email.com,1/31/2020,Chicago,USA
32,Customer_32,customer32@email.com,2/1/2020,Houston,USA
33,Customer_33,customer33@email.com,2/2/2020,LoS AngeleS,USA
34,Customer_34,customer34@email.com,2/3/2020,New York,USA
35,Customer_35,customer35@email.com,2/4/2020,Chicago,USA
36,Customer_36,customer36@email.com,2/5/2020,Phoenix,USA
37,Customer_37,customer37@email.com,2/6/2020,Chicago,USA
38,Customer_38,customer38@email.com,2/7/2020,Phoenix,USA
39,Customer_39,customer39@email.com,2/8/2020,New York,USA
40,Customer_40,customer40@email.com,2/9/2020,Los Angeles,USA
41,Customer_41,customer41@email.com,2/10/2020,Houston,USA
42,Customer_42,customer42@email.com,2/11/2020,New York,USA
43,Customer_43,customer43@email.com,2/12/2020,Houston,USA
44,Customer_44,customer44@email.com,2/13/2020,Los Angeles,USA
45,Customer_45,customer45@email.com,2/14/2020,Los Angeles,USA
46,Customer_46,customer46@email.com,2/15/2020,New York,USA
47,Customer_47,customer47@email.com,2/16/2020,Los Angeles,USA
48,Customer_48,customer48@email.com,2/17/2020,Phoenix,USA
49,Customer_49,customer49@email.com,2/18/2020,Los Angeles,USA
50,Customer_50,customer50@email.com,2/19/2020,Houston,USA
51,Customer_51,customer51@email.com,2/20/2020,Houston,USA
52,Customer_52,customer52@email.com,2/21/2020,Houston,USA
53,Customer_53,customer53@email.com,2/22/2020,Houston,USA
54,Customer_54,customer54@email.com,2/23/2020,Phoenix,USA
55,Customer_55,customer55@email.com,2/24/2020,Chicago,USA
56,Customer_56,customer56@email.com,2/25/2020,New York,USA
57,Customer_57,customer57@email.com,2/26/2020,Houston,USA
58,Customer_58,customer58@email.com,2/27/2020,Los Angeles,USA
59,Customer_59,customer59@email.com,2/28/2020,Houston,USA
60,Customer_60,customer60@email.com,2/29/2020,Los Angeles,USA
61,Customer_61,customer61@email.com,3/1/2020,Los Angeles,USA
62,Customer_62,customer62@email.com,3/2/2020,Houston,USA
63,Customer_63,customer63@email.com,3/3/2020,Phoenix,USA
64,Customer_64,customer64@email.com,3/4/2020,Los Angeles,USA
65,Customer_65,customer65@email.com,3/5/2020,Los Angeles,USA
66,Customer_66,customer66@email.com,3/6/2020,Houston,USA
67,Customer_67,customer67@email.com,3/7/2020,Los Angeles,USA
68,Customer_68,customer68@email.com,3/8/2020,Los Angeles,USA
69,Customer_69,customer69@email.com,3/9/2020,Houston,USA
70,Customer_70,customer70@email.com,3/10/2020,Houston,USA
71,Customer_71,customer71@email.com,3/11/2020,New York,USA
72,Customer_72,customer72@email.com,3/12/2020,Phoenix,USA
73,Customer_73,customer73@email.com,3/13/2020,Phoenix,USA
74,Customer_74,customer74@email.com,3/14/2020,Los Angeles,USA
75,Customer_75,customer75@email.com,3/15/2020,Phoenix,USA
76,Customer_76,customer76@email.com,3/16/2020,Los Angeles,USA
77,Customer_77,customer77@email.com,3/17/2020,New York,USA
78,Customer_78,customer78@email.com,3/18/2020,Houston,USA
79,Customer_79,customer79@email.com,3/19/2020,Houston,USA
80,Customer_80,customer80@email.com,3/20/2020,Houston,USA
81,Customer_81,customer81@email.com,3/21/2020,Phoenix,USA
82,Customer_82,customer82@email.com,3/22/2020,New York,USA
83,Customer_83,customer83@email.com,3/23/2020,Phoenix,USA
84,Customer_84,customer84@email.com,3/24/2020,Phoenix,USA
85,Customer_85,customer85@email.com,3/25/2020,New York,USA
86,Customer_86,customer86@email.com,3/26/2020,New York,USA
87,Customer_87,customer87@email.com,3/27/2020,New York,USA
88,Customer_88,customer88@email.com,3/28/2020,New York,USA
89,Customer_89,customer89@email.com,3/29/2020,Houston,USA
90,Customer_90,customer90@email.com,3/30/2020,Chicago,USA
91,Customer_91,customer91@email.com,3/31/2020,Chicago,USA
92,Customer_92,customer92@email.com,4/1/2020,New York,USA
93,Customer_93,customer93@email.com,4/2/2020,Chicago,USA
94,Customer_94,customer94@email.com,4/3/2020,Chicago,USA
95,Customer_95,customer95@email.com,4/4/2020,New York,USA
96,Customer_96,customer96@email.com,4/5/2020,Chicago,USA
97,Customer_97,customer97@email.com,4/6/2020,Phoenix,USA
98,Customer_98,customer98@email.com,4/7/2020,Los Angeles,USA
99,Customer_99,customer99@email.com,4/8/2020,New York,USA
100,Customer_100,customer100@email.com,4/9/2020,New York,USA
101,Customer_99,customer99@email.com,4/8/2020,new york,USA
102,Customer_99,customer99@email.com,4/8/2020,New York,USA
103,Customer_99,customer99@email.com,4/8/2020,NEW YORK,USA
104,Customer_99,customer99@email.com,4/8/2020,NY,USA
105,Customer_99,customer99@email.com,4/8/2020,ny,USA
106,Customer_99,customer99@email.com,4/8/2020,NeW YoRK,USA
107,Customer_99,customer99@email.com,4/8/2020,new york,USA
108,Customer_99,customer99@email.com,4/8/2020,New York,USA
109,Customer_99,customer99@email.com,4/8/2020,NEW YORK,USA
110,Customer_99,customer99@email.com,4/8/2020,NY,USA
111,Customer_33,customer33@email.com,2/2/2020,los angeles,USA
112,Customer_33,customer33@email.com,2/2/2020,Los Angeles,USA
113,Customer_33,customer33@email.com,2/2/2020,LOS ANGELES,USA
114,Customer_33,customer33@email.com,2/2/2020,LA,USA
115,Customer_33,customer33@email.com,2/2/2020,la,USA
116,Customer_33,customer33@email.com,2/2/2020,LoS aNgElEs,USA
117,Customer_33,customer33@email.com,2/2/2020,los angeles,USA
118,Customer_33,customer33@email.com,2/2/2020,Los Angeles,USA
119,Customer_33,customer33@email.com,2/2/2020,LOS ANGELES,USA
120,Customer_33,customer33@email.com,2/2/2020,LA,USA
121,Customer_33,customer33@email.com,2/2/2020,la,USA
122,Customer_33,customer33@email.com,2/2/2020,LoS aNgElEs,USA
123,Customer_33,customer33@email.com,2/2/2020,los angeles,USA
124,Customer_33,customer33@email.com,2/2/2020,Los Angeles,USA
125,Customer_33,customer33@email.com,2/2/2020,LOS ANGELES,USA
