transaction_id,customer_id,product_id,amount,transaction_date,payment_method
1,56,3,48.39783197,2024-07-15 21:00:00,Cash
2,125,9,170.9651575,2024-11-25 16:00:00,PayPal
3,125,29,197.2823852,2024-01-22 02:00:00,PayPal
4,48,39,272.0064746,2024-06-23 21:00:00,Cash
5,120,31,188.4513096,2024-07-12 18:00:00,PayPal
6,104,50,184.2503697,2024-12-18 08:00:00,PayPal
7,80,7,106.0411902,2024-06-11 16:00:00,Credit Card
8,105,30,286.3929358,2024-05-10 11:00:00,Debit Card
9,96,33,267.5778097,2024-10-09 09:00:00,Debit Card
10,122,41,86.32375651,2024-03-08 21:00:00,Debit Card
11,49,3,,2024-01-26 10:00:00,Cash
12,10,24,289.6195251,2024-02-21 16:00:00,PayPal
13,57,33,267.5778097,2024-12-08 08:00:00,Debit Card
14,40,22,178.8474215,2024-01-27 14:00:00,Cash
15,61,34,83.86233615,2024-02-28 16:00:00,PayPal
16,115,11,190.8934593,2024-12-12 11:00:00,Debit Card
17,121,12,220.5221888,2024-11-09 22:00:00,Debit Card
18,85,29,197.2823852,2024-04-16 15:00:00,Debit Card
19,80,33,267.5778097,2024-12-21 02:00:00,Cash
20,36,41,86.32375651,2024-12-30 08:00:00,Debit Card
21,2,38,255.1611648,2024-02-13 04:00:00,PayPal
22,49,7,106.0411902,2024-06-06 06:00:00,PayPal
23,57,22,178.8474215,2024-06-18 06:00:00,Debit Card
24,29,17,,2024-03-09 13:00:00,PayPal
25,100,15,54.12810613,2024-07-05 01:00:00,Cash
26,21,26,245.6779139,2024-04-28 20:00:00,Debit Card
27,60,3,48.39783197,2024-05-20 18:00:00,Cash
28,20,8,244.8472514,2024-02-25 10:00:00,Cash
29,44,10,107.1661558,2024-07-18 22:00:00,PayPal
30,122,29,197.2823852,2024-08-24 06:00:00,PayPal
31,84,24,,2024-10-07 22:00:00,Credit Card
32,53,26,245.6779139,2024-12-10 01:00:00,Credit Card
33,28,15,54.12810613,2024-08-26 21:00:00,PayPal
34,8,4,156.0440926,2024-09-17 12:00:00,Debit Card
35,111,37,135.0879715,2024-09-22 11:00:00,Cash
36,62,26,245.6779139,2024-10-31 07:00:00,Debit Card
37,79,26,245.6779139,2024-10-17 14:00:00,Debit Card
38,37,1,281.6420875,2024-06-11 15:00:00,Cash
39,8,48,194.6806109,2024-05-10 12:00:00,PayPal
40,27,25,,2024-10-08 16:00:00,PayPal
41,18,11,190.8934593,2024-05-04 01:00:00,Cash
42,26,33,267.5778097,2024-03-16 09:00:00,Cash
43,18,11,190.8934593,2024-11-03 21:00:00,Debit Card
44,73,27,174.0634318,2024-06-23 17:00:00,Credit Card
45,15,24,289.6195251,2024-04-10 15:00:00,PayPal
46,74,8,244.8472514,2024-01-02 12:00:00,PayPal
47,72,24,289.6195251,2024-08-09 09:00:00,Credit Card
48,112,20,218.5329533,2024-03-12 14:00:00,PayPal
49,61,50,184.2503697,2024-10-11 01:00:00,PayPal
50,14,19,167.0457474,2024-09-23 15:00:00,Cash
51,41,45,138.646711,2024-07-01 05:00:00,PayPal
52,63,6,99.76441255,2024-09-07 06:00:00,Cash
53,39,13,96.33472021,2024-06-22 19:00:00,PayPal
54,37,9,170.9651575,2024-08-25 07:00:00,Cash
55,32,12,,2024-08-11 16:00:00,Cash
56,61,44,250.3320092,2024-10-01 07:00:00,Credit Card
57,113,38,255.1611648,2024-09-25 17:00:00,PayPal
58,119,49,146.49495,2024-07-19 15:00:00,Debit Card
59,89,3,48.39783197,2024-09-12 21:00:00,Debit Card
60,116,26,,2024-01-09 12:00:00,Debit Card
61,125,13,96.33472021,2024-06-20 02:00:00,Debit Card
62,96,1,281.6420875,2024-08-28 20:00:00,Cash
63,108,11,190.8934593,2024-07-02 08:00:00,PayPal
64,98,10,,2024-04-10 05:00:00,Cash
65,58,13,96.33472021,2024-03-21 12:00:00,Debit Card
66,35,22,178.8474215,2024-05-18 00:00:00,Credit Card
67,118,45,,2024-03-12 03:00:00,PayPal
68,65,3,,2024-07-09 10:00:00,Cash
69,15,21,49.92553847,2024-03-15 17:00:00,Cash
70,101,22,178.8474215,2024-04-18 12:00:00,Cash
71,9,35,,2024-02-26 17:00:00,Credit Card
72,96,1,281.6420875,2024-11-03 19:00:00,Debit Card
73,36,27,174.0634318,2024-05-17 04:00:00,PayPal
74,72,46,206.9139718,2024-05-19 22:00:00,Credit Card
75,79,29,197.2823852,2024-11-23 00:00:00,Debit Card
76,107,31,188.4513096,2024-10-28 16:00:00,Debit Card
77,120,42,,2024-01-03 01:00:00,Cash
78,107,30,286.3929358,2024-04-12 17:00:00,Debit Card
79,58,11,190.8934593,2024-10-30 08:00:00,Debit Card
80,47,11,190.8934593,2024-06-24 01:00:00,PayPal
81,61,31,188.4513096,2024-03-12 12:00:00,PayPal
82,58,30,286.3929358,2024-05-24 17:00:00,Credit Card
83,43,32,249.3728806,2024-05-15 22:00:00,Debit Card
84,38,9,170.9651575,2024-04-26 21:00:00,Debit Card
85,44,25,155.3927811,2024-07-08 06:00:00,Cash
86,102,43,96.94568995,2024-07-29 10:00:00,Debit Card
87,39,25,155.3927811,2024-05-10 04:00:00,Cash
88,62,49,146.49495,2024-06-12 15:00:00,Debit Card
89,21,5,,2024-06-06 01:00:00,Debit Card
90,71,19,167.0457474,2024-06-21 04:00:00,Debit Card
91,117,17,210.7129991,2024-05-18 16:00:00,Cash
92,61,46,206.9139718,2024-10-03 18:00:00,Cash
93,51,29,197.2823852,2024-10-27 04:00:00,Cash
94,32,45,138.646711,2024-09-15 06:00:00,Debit Card
95,36,16,70.72181787,2024-10-16 12:00:00,PayPal
96,123,30,286.3929358,2024-01-04 02:00:00,Cash
97,18,46,,2024-11-27 14:00:00,Debit Card
98,69,35,79.37255517,2024-04-08 22:00:00,Debit Card
99,59,3,48.39783197,2024-12-24 03:00:00,PayPal
100,122,16,70.72181787,2024-09-26 07:00:00,PayPal
101,56,4,156.0440926,2024-04-15 12:00:00,Credit Card
102,29,32,,2024-09-13 11:00:00,Credit Card
103,60,42,238.5471443,2024-01-14 06:00:00,Cash
104,113,18,70.80273735,2024-01-30 22:00:00,PayPal
105,31,5,91.89743896,2024-12-12 09:00:00,Debit Card
106,41,36,191.0746769,2024-12-08 12:00:00,Credit Card
107,83,41,86.32375651,2024-09-24 06:00:00,PayPal
108,42,43,,2024-04-23 13:00:00,PayPal
109,1,19,167.0457474,2024-01-16 20:00:00,Credit Card
110,90,24,289.6195251,2024-01-30 12:00:00,Cash
111,82,3,48.39783197,2024-02-09 11:00:00,Debit Card
112,95,14,135.7937484,2024-01-17 02:00:00,Debit Card
113,109,2,118.4543524,2024-11-24 13:00:00,Debit Card
114,122,40,118.9579862,2024-01-23 16:00:00,Cash
115,6,33,267.5778097,2024-12-18 10:00:00,Credit Card
116,120,7,106.0411902,2024-03-17 02:00:00,Credit Card
117,95,9,170.9651575,2024-11-29 05:00:00,Cash
118,117,16,70.72181787,2024-09-28 13:00:00,Cash
119,45,46,206.9139718,2024-03-23 10:00:00,Debit Card
120,80,30,286.3929358,2024-05-10 13:00:00,Debit Card
121,122,4,156.0440926,2024-11-17 17:00:00,Debit Card
122,50,28,32.1555092,2024-01-11 11:00:00,Credit Card
123,119,2,118.4543524,2024-03-30 18:00:00,PayPal
124,18,20,218.5329533,2024-11-20 09:00:00,Cash
125,35,40,118.9579862,2024-07-30 00:00:00,Debit Card
126,49,4,156.0440926,2024-08-23 11:00:00,Cash
127,120,9,170.9651575,2024-07-08 01:00:00,Debit Card
128,40,50,184.2503697,2024-09-05 15:00:00,Credit Card
129,82,46,206.9139718,2024-01-25 17:00:00,PayPal
130,77,16,70.72181787,2024-08-14 17:00:00,Credit Card
131,26,26,245.6779139,2024-11-30 19:00:00,Debit Card
132,70,21,49.92553847,2024-04-18 22:00:00,Cash
133,69,31,188.4513096,2024-04-16 07:00:00,Cash
134,14,5,91.89743896,2024-04-20 17:00:00,Debit Card
135,35,48,194.6806109,2024-02-22 09:00:00,Credit Card
136,61,38,255.1611648,2024-10-23 16:00:00,Debit Card
137,86,23,,2024-12-29 00:00:00,Debit Card
138,105,49,146.49495,2024-04-25 09:00:00,PayPal
139,81,39,272.0064746,2024-05-13 20:00:00,Credit Card
140,83,12,,2024-11-28 07:00:00,Cash
141,20,22,178.8474215,2024-09-23 09:00:00,PayPal
142,8,16,70.72181787,2024-01-09 20:00:00,PayPal
143,116,6,99.76441255,2024-03-16 14:00:00,Credit Card
144,11,1,281.6420875,2024-05-18 05:00:00,Debit Card
145,124,28,32.1555092,2024-06-03 03:00:00,PayPal
146,21,16,70.72181787,2024-10-03 12:00:00,Debit Card
147,59,3,48.39783197,2024-09-16 20:00:00,PayPal
148,104,4,156.0440926,2024-10-07 05:00:00,Credit Card
149,47,18,70.80273735,2024-04-06 21:00:00,PayPal
150,124,49,146.49495,2024-01-09 01:00:00,Cash
151,10,47,46.74988787,2024-07-12 08:00:00,Debit Card
152,52,45,138.646711,2024-04-18 04:00:00,Cash
153,79,22,178.8474215,2024-09-08 23:00:00,Credit Card
154,124,1,281.6420875,2024-06-01 11:00:00,Debit Card
155,70,49,146.49495,2024-07-22 12:00:00,PayPal
156,107,26,245.6779139,2024-04-05 11:00:00,Cash
157,16,8,244.8472514,2024-10-01 02:00:00,PayPal
158,20,4,156.0440926,2024-04-25 23:00:00,PayPal
159,38,11,190.8934593,2024-03-28 02:00:00,Credit Card
160,94,13,96.33472021,2024-04-04 12:00:00,PayPal
161,26,46,206.9139718,2024-01-23 11:00:00,PayPal
162,76,33,267.5778097,2024-06-09 16:00:00,Debit Card
163,102,17,210.7129991,2024-02-02 11:00:00,Cash
164,70,5,91.89743896,2024-08-08 02:00:00,Cash
165,113,28,32.1555092,2024-07-20 11:00:00,Cash
166,83,10,107.1661558,2024-01-31 06:00:00,PayPal
167,7,24,289.6195251,2024-11-24 17:00:00,PayPal
168,123,11,190.8934593,2024-02-02 01:00:00,Debit Card
169,91,24,289.6195251,2024-11-04 04:00:00,Cash
170,24,36,191.0746769,2024-03-08 03:00:00,Credit Card
171,100,48,194.6806109,2024-09-12 09:00:00,PayPal
172,119,26,245.6779139,2024-11-21 07:00:00,Cash
173,100,32,249.3728806,2024-04-04 23:00:00,PayPal
174,43,4,156.0440926,2024-02-14 23:00:00,Debit Card
175,114,46,,2024-09-12 05:00:00,Debit Card
176,97,1,281.6420875,2024-04-26 05:00:00,PayPal
177,74,13,96.33472021,2024-03-30 03:00:00,Debit Card
178,35,35,79.37255517,2024-02-21 01:00:00,Debit Card
179,23,29,197.2823852,2024-09-28 18:00:00,Cash
180,31,23,91.83757944,2024-11-01 11:00:00,PayPal
181,18,38,255.1611648,2024-12-18 04:00:00,Debit Card
182,8,13,96.33472021,2024-01-31 22:00:00,Cash
183,78,2,118.4543524,2024-04-08 08:00:00,Debit Card
184,85,17,210.7129991,2024-03-24 14:00:00,PayPal
185,48,21,49.92553847,2024-06-28 03:00:00,PayPal
186,46,18,70.80273735,2024-09-19 03:00:00,PayPal
187,11,38,255.1611648,2024-05-18 18:00:00,Credit Card
188,54,39,272.0064746,2024-02-23 06:00:00,Cash
189,62,35,79.37255517,2024-07-07 12:00:00,PayPal
190,124,11,190.8934593,2024-10-09 09:00:00,PayPal
191,2,23,91.83757944,2024-01-28 04:00:00,Credit Card
192,40,19,167.0457474,2024-10-15 15:00:00,PayPal
193,116,44,250.3320092,2024-07-14 22:00:00,Debit Card
194,103,18,70.80273735,2024-10-08 02:00:00,Credit Card
195,71,31,188.4513096,2024-12-11 22:00:00,Credit Card
196,70,4,156.0440926,2024-10-18 01:00:00,Debit Card
197,62,8,244.8472514,2024-12-07 20:00:00,Credit Card
198,16,24,289.6195251,2024-06-07 21:00:00,Cash
199,52,17,,2024-09-10 17:00:00,PayPal
200,31,27,174.0634318,2024-01-25 08:00:00,Cash
201,3,1,281.6420875,2024-08-26 15:00:00,Credit Card
202,13,4,156.0440926,2024-08-29 01:00:00,Debit Card
203,17,17,210.7129991,2024-06-26 10:00:00,Debit Card
204,30,10,107.1661558,2024-01-09 03:00:00,Credit Card
205,112,47,46.74988787,2024-05-29 19:00:00,Cash
206,110,39,272.0064746,2024-12-04 16:00:00,Cash
207,83,17,210.7129991,2024-01-25 18:00:00,Credit Card
208,102,38,255.1611648,2024-01-15 03:00:00,Credit Card
209,62,33,267.5778097,2024-11-14 20:00:00,PayPal
210,73,37,,2024-11-25 22:00:00,PayPal
211,9,23,,2024-01-29 09:00:00,Debit Card
212,34,29,197.2823852,2024-02-08 21:00:00,Credit Card
213,42,33,267.5778097,2024-12-08 12:00:00,Credit Card
214,82,27,174.0634318,2024-09-25 06:00:00,PayPal
215,46,45,138.646711,2024-05-19 11:00:00,Credit Card
216,81,34,83.86233615,2024-11-04 07:00:00,Debit Card
217,109,19,167.0457474,2024-05-20 16:00:00,Cash
218,76,25,155.3927811,2024-05-16 04:00:00,Debit Card
219,84,37,,2024-05-02 13:00:00,Debit Card
220,2,6,99.76441255,2024-04-02 03:00:00,Cash
221,29,26,245.6779139,2024-04-22 01:00:00,PayPal
222,38,40,,2024-06-20 15:00:00,Cash
223,27,40,118.9579862,2024-06-23 02:00:00,Debit Card
224,57,50,184.2503697,2024-04-06 16:00:00,Credit Card
225,68,33,267.5778097,2024-03-13 12:00:00,PayPal
226,92,46,206.9139718,2024-08-06 14:00:00,Credit Card
227,42,4,156.0440926,2024-08-06 07:00:00,PayPal
228,71,24,289.6195251,2024-12-29 19:00:00,PayPal
229,80,47,46.74988787,2024-06-15 07:00:00,Debit Card
230,45,28,32.1555092,2024-12-15 10:00:00,Credit Card
231,79,21,49.92553847,2024-01-22 15:00:00,PayPal
232,101,35,79.37255517,2024-06-08 02:00:00,Debit Card
233,38,26,245.6779139,2024-01-15 21:00:00,Credit Card
234,58,12,220.5221888,2024-08-27 20:00:00,PayPal
235,85,27,174.0634318,2024-08-11 02:00:00,Credit Card
236,65,14,,2024-07-31 19:00:00,Cash
237,23,6,99.76441255,2024-08-06 17:00:00,PayPal
238,84,12,220.5221888,2024-08-22 23:00:00,Credit Card
239,40,24,289.6195251,2024-05-26 08:00:00,PayPal
240,33,10,107.1661558,2024-04-27 05:00:00,Credit Card
241,91,8,244.8472514,2024-12-04 07:00:00,Credit Card
242,70,28,32.1555092,2024-03-13 01:00:00,Cash
243,12,16,70.72181787,2024-03-31 01:00:00,Cash
244,9,22,178.8474215,2024-07-31 23:00:00,Cash
245,94,7,106.0411902,2024-10-17 00:00:00,Cash
246,31,20,218.5329533,2024-09-11 03:00:00,PayPal
247,98,28,32.1555092,2024-12-29 14:00:00,PayPal
248,85,15,54.12810613,2024-10-28 07:00:00,Cash
249,74,20,218.5329533,2024-03-04 09:00:00,Cash
250,121,2,118.4543524,2024-06-04 04:00:00,Cash
251,69,33,267.5778097,2024-07-12 20:00:00,Credit Card
252,47,1,281.6420875,2024-09-15 21:00:00,PayPal
253,5,48,194.6806109,2024-05-22 04:00:00,PayPal
254,69,33,267.5778097,2024-05-17 03:00:00,Credit Card
255,109,11,190.8934593,2024-08-10 01:00:00,Cash
256,66,34,83.86233615,2024-11-27 06:00:00,Cash
257,65,12,220.5221888,2024-07-24 05:00:00,Debit Card
258,45,32,249.3728806,2024-11-15 23:00:00,Cash
259,118,12,220.5221888,2024-03-12 03:00:00,Credit Card
260,77,4,156.0440926,2024-08-29 04:00:00,PayPal
261,10,6,99.76441255,2024-07-23 11:00:00,PayPal
262,74,17,,2024-04-20 15:00:00,Cash
263,51,46,206.9139718,2024-02-17 17:00:00,Debit Card
264,24,27,174.0634318,2024-12-15 02:00:00,Cash
265,113,17,210.7129991,2024-08-08 16:00:00,Debit Card
266,13,21,49.92553847,2024-08-26 15:00:00,PayPal
267,67,10,107.1661558,2024-03-24 04:00:00,Debit Card
268,50,17,210.7129991,2024-03-09 22:00:00,Debit Card
269,1,48,194.6806109,2024-04-23 10:00:00,Credit Card
270,40,49,146.49495,2024-04-23 12:00:00,PayPal
271,17,17,210.7129991,2024-07-09 17:00:00,PayPal
272,64,20,218.5329533,2024-10-06 08:00:00,Credit Card
273,106,11,190.8934593,2024-07-19 15:00:00,Credit Card
274,27,41,86.32375651,2024-05-11 10:00:00,Credit Card
275,26,19,167.0457474,2024-12-18 08:00:00,Cash
276,125,24,,2024-04-11 16:00:00,Credit Card
277,44,40,118.9579862,2024-07-05 18:00:00,Credit Card
278,41,42,,2024-07-26 00:00:00,Credit Card
279,30,9,170.9651575,2024-07-22 20:00:00,Debit Card
280,78,12,220.5221888,2024-08-17 04:00:00,Credit Card
281,87,43,,2024-09-03 12:00:00,Credit Card
282,51,3,48.39783197,2024-10-26 00:00:00,Cash
283,56,20,218.5329533,2024-08-15 18:00:00,Debit Card
284,9,20,218.5329533,2024-07-06 22:00:00,PayPal
285,118,19,167.0457474,2024-12-25 23:00:00,Credit Card
286,108,41,86.32375651,2024-04-01 19:00:00,Debit Card
287,22,14,135.7937484,2024-06-29 06:00:00,PayPal
288,49,28,32.1555092,2024-07-18 03:00:00,Credit Card
289,62,11,190.8934593,2024-07-14 08:00:00,Credit Card
290,44,24,,2024-04-17 22:00:00,Cash
291,70,20,218.5329533,2024-11-17 10:00:00,Credit Card
292,3,47,46.74988787,2024-07-18 11:00:00,Cash
293,87,15,,2024-05-06 17:00:00,PayPal
294,70,24,289.6195251,2024-01-12 22:00:00,Cash
295,11,21,49.92553847,2024-09-30 17:00:00,PayPal
296,120,42,238.5471443,2024-07-27 05:00:00,Cash
297,8,3,,2024-02-04 07:00:00,Cash
298,118,5,91.89743896,2024-07-27 01:00:00,Cash
299,1,12,220.5221888,2024-11-19 16:00:00,Debit Card
300,26,38,,2024-06-29 17:00:00,Debit Card
301,104,19,167.0457474,2024-12-26 05:00:00,Credit Card
302,85,9,170.9651575,2024-01-16 04:00:00,Debit Card
303,58,14,135.7937484,2024-01-30 10:00:00,Cash
304,102,19,167.0457474,2024-07-29 13:00:00,Cash
305,12,15,54.12810613,2024-06-09 23:00:00,Debit Card
306,68,42,238.5471443,2024-03-16 08:00:00,PayPal
307,57,41,86.32375651,2024-10-06 03:00:00,Cash
308,86,19,,2024-04-27 19:00:00,Debit Card
309,86,35,79.37255517,2024-12-23 20:00:00,PayPal
310,13,3,48.39783197,2024-04-07 15:00:00,Debit Card
311,65,13,96.33472021,2024-10-23 13:00:00,Credit Card
312,38,13,96.33472021,2024-01-19 14:00:00,PayPal
313,101,20,,2024-02-19 13:00:00,Debit Card
314,87,37,135.0879715,2024-09-07 15:00:00,PayPal
315,18,46,206.9139718,2024-07-08 18:00:00,Cash
316,60,26,245.6779139,2024-06-21 08:00:00,Debit Card
317,69,20,218.5329533,2024-10-15 09:00:00,Credit Card
318,89,20,218.5329533,2024-01-22 08:00:00,Debit Card
319,119,42,,2024-05-08 20:00:00,Cash
320,56,48,,2024-07-05 16:00:00,PayPal
321,35,38,255.1611648,2024-01-20 12:00:00,PayPal
322,40,34,83.86233615,2024-05-18 23:00:00,Cash
323,54,14,135.7937484,2024-09-03 09:00:00,Credit Card
324,82,16,70.72181787,2024-08-04 02:00:00,PayPal
325,51,34,83.86233615,2024-02-22 07:00:00,Debit Card
326,24,40,118.9579862,2024-11-08 11:00:00,PayPal
327,58,15,54.12810613,2024-07-26 19:00:00,PayPal
328,8,40,,2024-01-24 03:00:00,Credit Card
329,24,33,,2024-07-19 23:00:00,Debit Card
330,42,15,54.12810613,2024-10-14 14:00:00,Credit Card
331,80,1,281.6420875,2024-04-16 05:00:00,PayPal
332,121,32,249.3728806,2024-11-18 16:00:00,Cash
333,45,7,106.0411902,2024-08-16 03:00:00,Cash
334,71,42,238.5471443,2024-12-04 06:00:00,PayPal
335,110,21,49.92553847,2024-02-21 07:00:00,Debit Card
336,117,28,32.1555092,2024-08-28 18:00:00,Debit Card
337,119,18,70.80273735,2024-12-07 00:00:00,Cash
338,35,27,174.0634318,2024-07-23 02:00:00,Credit Card
339,36,17,210.7129991,2024-07-05 16:00:00,Credit Card
340,57,43,96.94568995,2024-10-07 00:00:00,Credit Card
341,28,12,220.5221888,2024-04-28 00:00:00,PayPal
342,28,30,286.3929358,2024-01-08 01:00:00,PayPal
343,116,4,156.0440926,2024-03-27 11:00:00,Credit Card
344,96,44,250.3320092,2024-02-29 19:00:00,Cash
345,62,27,174.0634318,2024-02-21 19:00:00,Cash
346,35,41,86.32375651,2024-09-08 10:00:00,Cash
347,31,4,,2024-05-21 14:00:00,PayPal
348,5,36,191.0746769,2024-07-20 22:00:00,Cash
349,47,3,48.39783197,2024-10-24 11:00:00,Debit Card
350,88,36,191.0746769,2024-02-07 12:00:00,PayPal
351,55,14,135.7937484,2024-09-27 14:00:00,Credit Card
352,48,17,210.7129991,2024-05-31 20:00:00,Credit Card
353,122,40,118.9579862,2024-02-09 08:00:00,Credit Card
354,27,38,255.1611648,2024-09-02 03:00:00,Debit Card
355,116,3,48.39783197,2024-09-04 22:00:00,Credit Card
356,52,20,218.5329533,2024-11-03 00:00:00,Cash
357,46,10,107.1661558,2024-02-13 19:00:00,Credit Card
358,57,29,197.2823852,2024-10-05 17:00:00,Cash
359,80,27,174.0634318,2024-10-25 18:00:00,PayPal
360,23,12,220.5221888,2024-03-01 14:00:00,Debit Card
361,58,5,91.89743896,2024-05-08 12:00:00,Credit Card
362,99,18,70.80273735,2024-04-16 19:00:00,Debit Card
363,16,22,178.8474215,2024-09-15 20:00:00,PayPal
364,73,38,255.1611648,2024-07-24 01:00:00,PayPal
365,37,27,174.0634318,2024-02-06 15:00:00,Cash
366,67,40,118.9579862,2024-07-29 03:00:00,PayPal
367,36,37,135.0879715,2024-10-04 13:00:00,PayPal
368,68,33,267.5778097,2024-08-12 21:00:00,Cash
369,58,21,49.92553847,2024-07-15 00:00:00,Debit Card
370,95,46,206.9139718,2024-05-02 18:00:00,PayPal
371,78,23,,2024-08-11 19:00:00,Debit Card
372,17,28,,2024-11-14 21:00:00,PayPal
373,40,12,220.5221888,2024-12-07 03:00:00,Cash
374,87,6,99.76441255,2024-02-02 15:00:00,Debit Card
375,45,43,96.94568995,2024-05-04 01:00:00,Cash
376,125,48,194.6806109,2024-09-07 03:00:00,Cash
377,82,49,146.49495,2024-01-25 13:00:00,PayPal
378,78,20,218.5329533,2024-06-29 09:00:00,PayPal
379,91,19,167.0457474,2024-07-24 23:00:00,Credit Card
380,120,36,191.0746769,2024-09-21 15:00:00,PayPal
381,90,42,238.5471443,2024-01-17 19:00:00,Cash
382,34,6,99.76441255,2024-05-22 13:00:00,Debit Card
383,59,8,,2024-07-16 01:00:00,Credit Card
384,15,32,249.3728806,2024-04-30 19:00:00,PayPal
385,112,41,86.32375651,2024-08-20 20:00:00,Debit Card
386,12,24,289.6195251,2024-02-28 13:00:00,Debit Card
387,21,34,83.86233615,2024-04-04 21:00:00,Debit Card
388,76,4,156.0440926,2024-01-03 11:00:00,Credit Card
389,50,6,99.76441255,2024-04-08 03:00:00,PayPal
390,42,15,54.12810613,2024-02-03 06:00:00,Cash
391,122,25,155.3927811,2024-10-16 08:00:00,PayPal
392,33,25,155.3927811,2024-01-06 17:00:00,PayPal
393,24,25,155.3927811,2024-05-04 22:00:00,PayPal
394,106,30,286.3929358,2024-07-18 08:00:00,Debit Card
395,62,42,238.5471443,2024-06-21 18:00:00,Credit Card
396,14,18,70.80273735,2024-04-22 06:00:00,Debit Card
397,7,1,281.6420875,2024-12-24 20:00:00,Cash
398,17,2,118.4543524,2024-06-29 19:00:00,Credit Card
399,70,25,155.3927811,2024-11-17 14:00:00,Debit Card
400,2,33,267.5778097,2024-03-26 14:00:00,Cash
401,119,14,135.7937484,2024-12-24 18:00:00,Credit Card
402,54,38,255.1611648,2024-12-07 07:00:00,Credit Card
403,9,31,188.4513096,2024-01-16 08:00:00,Cash
404,40,5,91.89743896,2024-10-28 20:00:00,Cash
405,113,15,54.12810613,2024-12-14 19:00:00,Credit Card
406,88,9,170.9651575,2024-02-05 10:00:00,Cash
407,88,42,238.5471443,2024-06-20 02:00:00,Credit Card
408,4,26,245.6779139,2024-03-26 21:00:00,PayPal
409,14,1,281.6420875,2024-02-25 06:00:00,Credit Card
410,103,20,218.5329533,2024-06-13 09:00:00,Credit Card
411,70,42,238.5471443,2024-03-15 03:00:00,Credit Card
412,125,47,,2024-04-30 22:00:00,Credit Card
413,17,7,106.0411902,2024-11-15 15:00:00,Debit Card
414,76,27,174.0634318,2024-07-04 03:00:00,Debit Card
415,124,9,170.9651575,2024-06-10 10:00:00,Cash
416,72,34,83.86233615,2024-09-11 07:00:00,Debit Card
417,33,29,197.2823852,2024-09-18 18:00:00,Cash
418,113,12,220.5221888,2024-12-21 16:00:00,PayPal
419,113,29,197.2823852,2024-03-20 19:00:00,PayPal
420,9,1,281.6420875,2024-08-04 19:00:00,Cash
421,119,5,91.89743896,2024-08-19 01:00:00,PayPal
422,90,33,267.5778097,2024-01-19 17:00:00,PayPal
423,95,8,244.8472514,2024-06-27 20:00:00,Debit Card
424,115,17,210.7129991,2024-05-17 16:00:00,PayPal
425,84,32,249.3728806,2024-10-01 00:00:00,Debit Card
426,16,16,70.72181787,2024-05-06 17:00:00,Debit Card
427,39,39,272.0064746,2024-04-14 18:00:00,Cash
428,98,27,174.0634318,2024-08-30 11:00:00,Credit Card
429,36,18,70.80273735,2024-07-22 20:00:00,Debit Card
430,44,26,245.6779139,2024-02-22 22:00:00,Debit Card
431,100,33,267.5778097,2024-11-02 21:00:00,PayPal
432,21,40,118.9579862,2024-01-16 05:00:00,Cash
433,31,45,138.646711,2024-07-19 01:00:00,PayPal
434,9,22,178.8474215,2024-08-04 05:00:00,Cash
435,105,50,184.2503697,2024-08-16 00:00:00,Credit Card
436,123,17,210.7129991,2024-05-13 22:00:00,PayPal
437,96,7,,2024-07-22 15:00:00,Debit Card
438,104,35,79.37255517,2024-08-25 10:00:00,Debit Card
439,46,2,118.4543524,2024-12-07 03:00:00,Cash
440,93,26,,2024-10-14 03:00:00,Debit Card
441,47,48,194.6806109,2024-11-01 06:00:00,Credit Card
442,76,16,70.72181787,2024-05-28 02:00:00,PayPal
443,34,34,83.86233615,2024-12-29 00:00:00,Debit Card
444,36,25,155.3927811,2024-11-14 13:00:00,Credit Card
445,13,34,83.86233615,2024-07-03 23:00:00,Cash
446,59,42,238.5471443,2024-12-12 23:00:00,Cash
447,87,43,96.94568995,2024-06-12 03:00:00,Cash
448,18,7,106.0411902,2024-07-29 01:00:00,PayPal
449,107,20,218.5329533,2024-01-28 03:00:00,Cash
450,6,2,118.4543524,2024-08-20 22:00:00,Debit Card
451,34,39,272.0064746,2024-05-12 14:00:00,PayPal
452,91,29,,2024-07-16 23:00:00,Debit Card
453,17,11,190.8934593,2024-04-07 14:00:00,Credit Card
454,60,41,86.32375651,2024-01-27 03:00:00,Credit Card
455,3,34,83.86233615,2024-05-16 18:00:00,Cash
456,115,22,178.8474215,2024-11-16 15:00:00,Cash
457,7,47,46.74988787,2024-12-14 22:00:00,Debit Card
458,24,1,281.6420875,2024-07-23 01:00:00,PayPal
459,83,44,250.3320092,2024-05-11 20:00:00,Cash
460,66,29,197.2823852,2024-04-02 02:00:00,Cash
461,107,37,135.0879715,2024-08-30 00:00:00,Debit Card
462,85,4,156.0440926,2024-07-09 11:00:00,PayPal
463,119,39,272.0064746,2024-09-30 18:00:00,Debit Card
464,46,6,99.76441255,2024-12-06 21:00:00,Debit Card
465,84,15,54.12810613,2024-01-10 00:00:00,Debit Card
466,52,6,99.76441255,2024-07-05 19:00:00,Credit Card
467,56,40,118.9579862,2024-01-16 06:00:00,Debit Card
468,125,3,48.39783197,2024-07-26 20:00:00,Debit Card
469,4,37,135.0879715,2024-11-22 01:00:00,PayPal
470,23,1,281.6420875,2024-10-03 04:00:00,PayPal
471,107,45,138.646711,2024-05-23 16:00:00,PayPal
472,34,36,191.0746769,2024-02-08 10:00:00,PayPal
473,95,32,249.3728806,2024-11-01 01:00:00,Credit Card
474,81,9,170.9651575,2024-12-28 20:00:00,Debit Card
475,100,9,170.9651575,2024-04-16 01:00:00,Debit Card
476,94,37,135.0879715,2024-09-18 20:00:00,Cash
477,102,6,99.76441255,2024-03-10 12:00:00,PayPal
478,83,10,107.1661558,2024-12-03 02:00:00,Credit Card
479,110,19,167.0457474,2024-02-21 21:00:00,Cash
480,60,22,178.8474215,2024-08-10 02:00:00,Debit Card
481,48,47,46.74988787,2024-07-22 06:00:00,Credit Card
482,18,29,197.2823852,2024-10-17 07:00:00,Debit Card
483,104,3,48.39783197,2024-10-24 08:00:00,PayPal
484,1,7,106.0411902,2024-08-20 01:00:00,PayPal
485,16,30,286.3929358,2024-07-18 23:00:00,Credit Card
486,7,28,32.1555092,2024-12-15 06:00:00,Debit Card
487,77,3,48.39783197,2024-03-25 14:00:00,Credit Card
488,120,45,138.646711,2024-07-26 12:00:00,PayPal
489,13,31,188.4513096,2024-05-26 20:00:00,PayPal
490,6,49,146.49495,2024-05-01 15:00:00,PayPal
491,35,38,255.1611648,2024-10-29 00:00:00,PayPal
492,28,47,46.74988787,2024-10-01 09:00:00,Debit Card
493,20,23,91.83757944,2024-12-30 14:00:00,Debit Card
494,46,10,,2024-11-04 04:00:00,Credit Card
495,39,14,135.7937484,2024-05-08 03:00:00,Debit Card
496,38,12,220.5221888,2024-06-27 21:00:00,Cash
497,117,31,188.4513096,2024-09-29 14:00:00,Debit Card
498,9,43,96.94568995,2024-10-17 04:00:00,Cash
499,51,28,32.1555092,2024-10-20 12:00:00,PayPal
500,112,10,,2024-09-27 22:00:00,Cash
501,61,11,190.8934593,2024-09-11 22:00:00,PayPal
502,62,33,267.5778097,2024-10-24 05:00:00,Debit Card
503,49,22,178.8474215,2024-08-17 02:00:00,Debit Card
504,118,42,238.5471443,2024-08-09 07:00:00,Debit Card
505,26,7,106.0411902,2024-04-27 12:00:00,PayPal
506,58,12,220.5221888,2024-06-01 18:00:00,Cash
507,98,30,286.3929358,2024-11-07 20:00:00,PayPal
508,59,10,107.1661558,2024-11-23 09:00:00,Cash
509,109,18,70.80273735,2024-12-24 22:00:00,Debit Card
510,98,27,174.0634318,2024-10-12 04:00:00,Cash
511,30,17,210.7129991,2024-11-14 04:00:00,Debit Card
512,13,46,206.9139718,2024-12-10 22:00:00,Credit Card
513,47,23,91.83757944,2024-04-19 02:00:00,Credit Card
514,87,48,,2024-07-13 22:00:00,Debit Card
515,33,4,156.0440926,2024-05-28 11:00:00,Credit Card
516,55,2,118.4543524,2024-04-11 02:00:00,Debit Card
517,51,42,238.5471443,2024-08-09 09:00:00,PayPal
518,28,9,170.9651575,2024-07-22 22:00:00,Debit Card
519,26,5,91.89743896,2024-01-28 08:00:00,PayPal
520,78,6,99.76441255,2024-08-24 07:00:00,Debit Card
521,78,28,32.1555092,2024-06-18 23:00:00,PayPal
522,61,47,,2024-03-10 04:00:00,Debit Card
523,25,46,,2024-02-20 00:00:00,PayPal
524,44,33,267.5778097,2024-06-02 19:00:00,Debit Card
525,70,32,249.3728806,2024-03-01 20:00:00,Cash
526,113,9,170.9651575,2024-02-11 04:00:00,Cash
527,115,31,188.4513096,2024-10-11 10:00:00,Credit Card
528,82,49,,2024-11-14 06:00:00,Cash
529,107,44,250.3320092,2024-11-16 23:00:00,Debit Card
530,65,48,194.6806109,2024-11-22 13:00:00,Credit Card
531,25,35,79.37255517,2024-03-09 07:00:00,Debit Card
532,120,42,238.5471443,2024-07-02 11:00:00,PayPal
533,8,20,218.5329533,2024-03-30 09:00:00,PayPal
534,84,41,86.32375651,2024-10-12 06:00:00,PayPal
535,70,33,267.5778097,2024-03-25 21:00:00,Credit Card
536,2,1,281.6420875,2024-11-17 22:00:00,Credit Card
537,109,18,70.80273735,2024-12-09 03:00:00,Cash
538,101,17,210.7129991,2024-01-30 12:00:00,PayPal
539,100,21,49.92553847,2024-12-02 04:00:00,Debit Card
540,93,37,135.0879715,2024-03-27 17:00:00,Credit Card
541,12,27,174.0634318,2024-07-07 14:00:00,Cash
542,80,49,146.49495,2024-06-05 05:00:00,Cash
543,98,45,,2024-11-08 01:00:00,Cash
544,69,32,,2024-03-29 01:00:00,Credit Card
545,16,15,54.12810613,2024-01-25 08:00:00,Debit Card
546,61,34,83.86233615,2024-08-04 09:00:00,Credit Card
547,12,34,83.86233615,2024-05-13 07:00:00,PayPal
548,64,31,188.4513096,2024-12-22 01:00:00,Cash
549,61,11,,2024-12-08 06:00:00,Debit Card
550,117,48,,2024-02-13 16:00:00,PayPal
551,23,34,83.86233615,2024-04-29 14:00:00,Debit Card
552,39,50,184.2503697,2024-03-31 08:00:00,PayPal
553,7,34,83.86233615,2024-09-21 17:00:00,PayPal
554,73,24,289.6195251,2024-06-04 06:00:00,Credit Card
555,76,35,79.37255517,2024-06-07 07:00:00,Credit Card
556,6,20,218.5329533,2024-02-24 12:00:00,Credit Card
557,71,47,46.74988787,2024-07-21 22:00:00,Credit Card
558,70,30,286.3929358,2024-07-21 15:00:00,Cash
559,6,25,155.3927811,2024-08-07 15:00:00,Debit Card
560,18,17,210.7129991,2024-12-07 07:00:00,Cash
561,36,2,118.4543524,2024-10-18 05:00:00,Debit Card
562,15,23,91.83757944,2024-10-15 15:00:00,Cash
563,28,43,96.94568995,2024-04-26 20:00:00,Debit Card
564,26,7,106.0411902,2024-08-28 09:00:00,Debit Card
565,19,10,107.1661558,2024-05-08 00:00:00,Debit Card
566,57,47,46.74988787,2024-12-16 16:00:00,PayPal
567,64,48,194.6806109,2024-04-02 21:00:00,Cash
568,104,49,146.49495,2024-04-18 10:00:00,Debit Card
569,6,27,174.0634318,2024-06-07 11:00:00,Cash
570,10,42,238.5471443,2024-08-12 05:00:00,PayPal
571,49,13,,2024-09-29 00:00:00,Cash
572,6,49,146.49495,2024-04-20 04:00:00,PayPal
573,69,47,46.74988787,2024-06-02 22:00:00,PayPal
574,1,42,238.5471443,2024-06-02 18:00:00,PayPal
575,125,50,184.2503697,2024-08-14 06:00:00,Cash
576,19,25,155.3927811,2024-10-14 03:00:00,Cash
577,43,16,70.72181787,2024-04-08 14:00:00,Cash
578,60,19,167.0457474,2024-04-25 04:00:00,Cash
579,77,6,,2024-04-21 04:00:00,Credit Card
580,101,22,178.8474215,2024-06-16 23:00:00,PayPal
581,34,29,197.2823852,2024-01-15 03:00:00,Cash
582,125,15,54.12810613,2024-10-31 17:00:00,PayPal
583,31,30,286.3929358,2024-10-22 04:00:00,PayPal
584,72,3,48.39783197,2024-09-09 13:00:00,Cash
585,37,20,,2024-04-17 21:00:00,Debit Card
586,87,19,167.0457474,2024-05-03 15:00:00,PayPal
587,82,3,48.39783197,2024-07-21 13:00:00,Credit Card
588,34,31,188.4513096,2024-02-19 19:00:00,Credit Card
589,53,12,220.5221888,2024-11-03 03:00:00,PayPal
590,51,15,,2024-04-03 15:00:00,Debit Card
591,50,37,,2024-04-26 22:00:00,Credit Card
592,33,1,281.6420875,2024-09-16 04:00:00,Cash
593,52,30,286.3929358,2024-08-09 03:00:00,Debit Card
594,69,41,86.32375651,2024-10-06 11:00:00,PayPal
595,76,43,96.94568995,2024-12-15 10:00:00,Debit Card
596,94,33,267.5778097,2024-05-14 05:00:00,Credit Card
597,68,35,79.37255517,2024-04-22 03:00:00,Debit Card
598,15,10,107.1661558,2024-05-12 01:00:00,Cash
599,71,34,83.86233615,2024-05-13 07:00:00,Debit Card
600,68,45,138.646711,2024-04-20 14:00:00,Debit Card
601,61,50,184.2503697,2024-08-23 14:00:00,Cash
602,24,41,,2024-06-08 23:00:00,Cash
603,113,29,197.2823852,2024-02-19 13:00:00,Debit Card
604,90,9,170.9651575,2024-08-28 10:00:00,Debit Card
605,53,19,,2024-09-04 01:00:00,PayPal
606,49,1,281.6420875,2024-09-01 06:00:00,Cash
607,125,25,155.3927811,2024-05-07 21:00:00,Cash
608,46,10,107.1661558,2024-12-17 03:00:00,Cash
609,21,30,286.3929358,2024-07-29 11:00:00,PayPal
610,57,41,86.32375651,2024-04-27 18:00:00,PayPal
611,49,20,218.5329533,2024-01-26 01:00:00,Debit Card
612,53,1,281.6420875,2024-11-27 10:00:00,Cash
613,112,49,146.49495,2024-07-31 14:00:00,Credit Card
614,51,23,91.83757944,2024-01-08 20:00:00,Cash
615,32,2,118.4543524,2024-04-25 03:00:00,Credit Card
616,104,11,190.8934593,2024-05-07 04:00:00,PayPal
617,49,31,188.4513096,2024-02-07 01:00:00,Credit Card
618,54,5,,2024-08-01 03:00:00,PayPal
619,63,10,107.1661558,2024-09-21 22:00:00,Debit Card
620,86,14,135.7937484,2024-01-29 08:00:00,Credit Card
621,90,12,220.5221888,2024-03-01 11:00:00,PayPal
622,23,7,,2024-05-27 15:00:00,PayPal
623,49,19,167.0457474,2024-03-19 21:00:00,Debit Card
624,108,26,245.6779139,2024-07-04 07:00:00,PayPal
625,1,2,118.4543524,2024-07-13 12:00:00,Cash
626,102,20,218.5329533,2024-05-01 20:00:00,Cash
627,17,36,,2024-08-19 22:00:00,Debit Card
628,12,11,190.8934593,2024-08-26 10:00:00,PayPal
629,80,20,218.5329533,2024-08-31 19:00:00,Credit Card
630,115,25,155.3927811,2024-06-04 11:00:00,Credit Card
631,60,3,48.39783197,2024-08-02 17:00:00,Debit Card
632,35,8,244.8472514,2024-06-06 02:00:00,Credit Card
633,122,4,156.0440926,2024-12-16 04:00:00,Credit Card
634,20,24,289.6195251,2024-06-29 21:00:00,Cash
635,4,46,206.9139718,2024-11-29 22:00:00,Credit Card
636,31,30,286.3929358,2024-03-12 07:00:00,PayPal
637,90,47,,2024-08-09 16:00:00,PayPal
638,105,43,96.94568995,2024-02-02 04:00:00,PayPal
639,64,39,272.0064746,2024-03-18 12:00:00,PayPal
640,90,5,91.89743896,2024-03-31 01:00:00,Debit Card
641,59,21,49.92553847,2024-02-27 16:00:00,Cash
642,101,30,286.3929358,2024-05-03 07:00:00,Credit Card
643,39,46,206.9139718,2024-03-12 11:00:00,Cash
644,83,44,250.3320092,2024-09-12 17:00:00,PayPal
645,62,46,206.9139718,2024-03-08 22:00:00,Cash
646,81,27,174.0634318,2024-09-28 12:00:00,Debit Card
647,14,7,106.0411902,2024-11-21 10:00:00,Credit Card
648,87,23,91.83757944,2024-03-09 15:00:00,Cash
649,2,18,70.80273735,2024-06-05 01:00:00,Debit Card
650,95,10,107.1661558,2024-02-11 11:00:00,PayPal
651,120,27,174.0634318,2024-12-17 07:00:00,Cash
652,1,39,272.0064746,2024-12-06 01:00:00,Debit Card
653,55,22,,2024-10-05 08:00:00,Cash
654,118,38,255.1611648,2024-09-21 00:00:00,Cash
655,76,26,245.6779139,2024-03-24 23:00:00,Debit Card
656,24,6,99.76441255,2024-05-02 15:00:00,Credit Card
657,18,49,146.49495,2024-06-13 19:00:00,Credit Card
658,111,42,238.5471443,2024-01-24 01:00:00,PayPal
659,24,20,218.5329533,2024-02-18 16:00:00,Credit Card
660,36,26,245.6779139,2024-05-11 04:00:00,Credit Card
661,65,26,,2024-06-16 19:00:00,Credit Card
662,63,49,146.49495,2024-05-29 06:00:00,Debit Card
663,64,48,,2024-11-23 02:00:00,Credit Card
664,36,47,46.74988787,2024-10-17 10:00:00,PayPal
665,65,32,249.3728806,2024-05-05 08:00:00,Credit Card
666,14,30,286.3929358,2024-12-17 16:00:00,Credit Card
667,77,45,138.646711,2024-07-23 09:00:00,Debit Card
668,124,7,106.0411902,2024-05-13 01:00:00,Debit Card
669,106,23,91.83757944,2024-11-03 11:00:00,Debit Card
670,25,48,194.6806109,2024-10-10 04:00:00,Credit Card
671,57,46,206.9139718,2024-10-19 08:00:00,Cash
672,23,39,272.0064746,2024-07-03 11:00:00,Debit Card
673,22,2,118.4543524,2024-12-08 03:00:00,Credit Card
674,74,45,138.646711,2024-05-27 20:00:00,Cash
675,24,37,135.0879715,2024-01-02 02:00:00,Cash
676,32,4,156.0440926,2024-01-27 16:00:00,PayPal
677,103,42,238.5471443,2024-12-03 09:00:00,Credit Card
678,34,39,272.0064746,2024-10-14 08:00:00,PayPal
679,12,44,,2024-09-13 18:00:00,PayPal
680,30,43,,2024-11-22 12:00:00,Debit Card
681,56,2,118.4543524,2024-01-01 20:00:00,Debit Card
682,55,34,83.86233615,2024-10-07 19:00:00,Debit Card
683,23,46,206.9139718,2024-05-12 17:00:00,PayPal
684,18,30,286.3929358,2024-05-30 18:00:00,PayPal
685,26,45,138.646711,2024-09-26 09:00:00,Credit Card
686,47,45,138.646711,2024-01-22 02:00:00,Debit Card
687,71,16,70.72181787,2024-01-10 09:00:00,PayPal
688,113,25,,2024-08-23 21:00:00,Cash
689,17,26,245.6779139,2024-12-20 23:00:00,Cash
690,72,24,289.6195251,2024-05-19 18:00:00,Cash
691,23,1,281.6420875,2024-10-02 08:00:00,PayPal
692,60,30,286.3929358,2024-10-20 15:00:00,Debit Card
693,36,13,,2024-06-29 06:00:00,Credit Card
694,51,6,99.76441255,2024-08-19 02:00:00,PayPal
695,97,18,70.80273735,2024-10-02 14:00:00,PayPal
696,120,8,244.8472514,2024-12-17 11:00:00,Cash
697,9,1,281.6420875,2024-09-25 03:00:00,Cash
698,89,14,135.7937484,2024-09-17 17:00:00,Cash
699,52,32,249.3728806,2024-07-26 13:00:00,PayPal
700,74,47,46.74988787,2024-10-09 11:00:00,Cash
701,13,35,79.37255517,2024-10-31 10:00:00,Cash
702,85,10,107.1661558,2024-09-28 09:00:00,Cash
703,59,34,83.86233615,2024-08-20 16:00:00,Debit Card
704,105,35,79.37255517,2024-01-18 03:00:00,Credit Card
705,109,9,170.9651575,2024-09-28 00:00:00,PayPal
706,98,49,146.49495,2024-03-22 22:00:00,Cash
707,4,7,106.0411902,2024-10-24 22:00:00,Credit Card
708,121,23,91.83757944,2024-06-17 16:00:00,Cash
709,103,20,218.5329533,2024-05-24 06:00:00,PayPal
710,80,33,267.5778097,2024-07-23 14:00:00,Credit Card
711,121,29,197.2823852,2024-01-18 23:00:00,Cash
712,103,17,210.7129991,2024-10-06 06:00:00,PayPal
713,94,19,167.0457474,2024-02-14 11:00:00,Credit Card
714,31,23,91.83757944,2024-05-31 09:00:00,Debit Card
715,114,6,,2024-06-06 12:00:00,Cash
716,50,1,281.6420875,2024-02-08 05:00:00,Debit Card
717,43,12,220.5221888,2024-12-16 20:00:00,Credit Card
718,106,27,174.0634318,2024-02-28 21:00:00,PayPal
719,112,16,70.72181787,2024-08-21 07:00:00,Debit Card
720,30,3,48.39783197,2024-10-29 13:00:00,Cash
721,91,6,99.76441255,2024-02-07 14:00:00,PayPal
722,48,11,190.8934593,2024-06-01 17:00:00,Debit Card
723,11,10,107.1661558,2024-12-07 14:00:00,Debit Card
724,20,11,190.8934593,2024-11-10 01:00:00,Credit Card
725,85,5,91.89743896,2024-05-14 13:00:00,Cash
726,26,32,249.3728806,2024-02-29 11:00:00,PayPal
727,107,6,99.76441255,2024-02-14 07:00:00,Cash
728,12,42,238.5471443,2024-08-09 23:00:00,PayPal
729,40,44,250.3320092,2024-08-16 12:00:00,Credit Card
730,125,11,190.8934593,2024-01-13 21:00:00,Credit Card
731,3,46,206.9139718,2024-08-12 18:00:00,Debit Card
732,84,10,107.1661558,2024-06-03 12:00:00,Debit Card
733,13,15,54.12810613,2024-04-24 23:00:00,Debit Card
734,123,34,83.86233615,2024-03-14 12:00:00,Cash
735,106,20,218.5329533,2024-12-06 01:00:00,Cash
736,38,23,91.83757944,2024-10-25 13:00:00,Debit Card
737,14,12,220.5221888,2024-07-01 09:00:00,PayPal
738,67,9,,2024-05-05 05:00:00,Cash
739,77,35,79.37255517,2024-02-08 15:00:00,Credit Card
740,102,34,83.86233615,2024-12-03 14:00:00,Cash
741,24,45,,2024-09-13 05:00:00,PayPal
742,29,8,,2024-06-20 04:00:00,Credit Card
743,27,36,191.0746769,2024-06-30 11:00:00,PayPal
744,100,15,54.12810613,2024-01-15 15:00:00,Cash
745,79,18,70.80273735,2024-11-28 11:00:00,Cash
746,79,21,49.92553847,2024-03-07 10:00:00,Debit Card
747,7,15,54.12810613,2024-11-01 12:00:00,PayPal
748,61,44,250.3320092,2024-07-02 19:00:00,PayPal
749,89,29,197.2823852,2024-10-22 03:00:00,Cash
750,25,20,218.5329533,2024-04-03 10:00:00,Debit Card
751,11,50,184.2503697,2024-07-30 09:00:00,PayPal
752,52,10,107.1661558,2024-11-13 09:00:00,Credit Card
753,72,10,107.1661558,2024-09-05 05:00:00,Cash
754,98,23,,2024-06-10 03:00:00,Debit Card
755,83,24,289.6195251,2024-06-12 12:00:00,Credit Card
756,115,24,289.6195251,2024-06-08 22:00:00,Cash
757,52,32,249.3728806,2024-03-12 12:00:00,Credit Card
758,20,26,245.6779139,2024-02-17 03:00:00,Debit Card
759,117,46,206.9139718,2024-06-28 17:00:00,Debit Card
760,32,33,267.5778097,2024-10-03 16:00:00,Credit Card
761,22,1,281.6420875,2024-02-12 22:00:00,Credit Card
762,113,5,,2024-05-04 01:00:00,Debit Card
763,20,50,184.2503697,2024-06-07 05:00:00,Credit Card
764,124,35,79.37255517,2024-12-16 22:00:00,PayPal
765,102,35,,2024-07-21 19:00:00,Debit Card
766,113,29,197.2823852,2024-11-21 22:00:00,Debit Card
767,48,49,146.49495,2024-04-29 13:00:00,Debit Card
768,119,12,220.5221888,2024-04-30 11:00:00,Debit Card
769,87,36,191.0746769,2024-01-03 22:00:00,Debit Card
770,31,19,167.0457474,2024-07-15 10:00:00,Debit Card
771,27,29,197.2823852,2024-11-21 14:00:00,Credit Card
772,25,40,118.9579862,2024-04-01 07:00:00,PayPal
773,99,38,255.1611648,2024-02-29 18:00:00,Cash
774,78,36,191.0746769,2024-06-02 10:00:00,PayPal
775,75,13,96.33472021,2024-08-07 17:00:00,Debit Card
776,11,2,118.4543524,2024-09-15 17:00:00,Cash
777,50,43,96.94568995,2024-12-11 18:00:00,PayPal
778,3,13,96.33472021,2024-05-19 07:00:00,Credit Card
779,30,47,46.74988787,2024-10-07 19:00:00,Credit Card
780,106,11,190.8934593,2024-10-06 18:00:00,PayPal
781,15,23,91.83757944,2024-08-08 18:00:00,Debit Card
782,26,16,70.72181787,2024-09-25 20:00:00,Debit Card
783,5,27,174.0634318,2024-02-23 03:00:00,Debit Card
784,45,50,184.2503697,2024-09-22 16:00:00,Credit Card
785,29,42,238.5471443,2024-10-06 22:00:00,Cash
786,113,19,167.0457474,2024-06-29 07:00:00,Debit Card
787,18,2,118.4543524,2024-07-12 05:00:00,Cash
788,108,42,,2024-02-26 04:00:00,Cash
789,93,42,238.5471443,2024-07-28 12:00:00,Debit Card
790,100,43,96.94568995,2024-02-24 14:00:00,Cash
791,31,10,107.1661558,2024-08-19 19:00:00,Debit Card
792,35,9,170.9651575,2024-11-01 06:00:00,PayPal
793,39,16,70.72181787,2024-06-18 02:00:00,Debit Card
794,65,29,197.2823852,2024-09-02 20:00:00,Credit Card
795,104,8,244.8472514,2024-08-12 07:00:00,Debit Card
796,19,4,156.0440926,2024-06-06 05:00:00,Cash
797,74,35,79.37255517,2024-07-20 00:00:00,PayPal
798,86,35,79.37255517,2024-06-19 18:00:00,Cash
799,14,19,167.0457474,2024-06-04 06:00:00,Cash
800,79,22,178.8474215,2024-11-07 05:00:00,PayPal
801,60,8,244.8472514,2024-10-06 01:00:00,Cash
802,51,6,99.76441255,2024-11-19 08:00:00,PayPal
803,66,26,245.6779139,2024-01-11 00:00:00,Debit Card
804,108,4,156.0440926,2024-02-22 00:00:00,PayPal
805,22,30,286.3929358,2024-03-18 09:00:00,PayPal
806,89,27,174.0634318,2024-11-21 18:00:00,Credit Card
807,85,38,255.1611648,2024-06-25 06:00:00,Debit Card
808,113,47,46.74988787,2024-04-07 08:00:00,Cash
809,20,23,91.83757944,2024-08-23 03:00:00,PayPal
810,82,13,96.33472021,2024-01-02 11:00:00,PayPal
811,83,31,188.4513096,2024-05-28 14:00:00,Credit Card
812,78,17,,2024-08-14 12:00:00,Debit Card
813,44,6,99.76441255,2024-01-26 15:00:00,Debit Card
814,28,47,46.74988787,2024-02-19 14:00:00,PayPal
815,125,32,249.3728806,2024-05-15 23:00:00,PayPal
816,81,26,245.6779139,2024-10-31 16:00:00,Credit Card
817,47,2,118.4543524,2024-06-21 02:00:00,Debit Card
818,52,49,146.49495,2024-11-25 09:00:00,Cash
819,78,1,281.6420875,2024-03-22 12:00:00,PayPal
820,8,40,118.9579862,2024-09-02 23:00:00,Credit Card
821,53,22,,2024-10-12 01:00:00,Cash
822,16,1,281.6420875,2024-02-23 01:00:00,PayPal
823,11,27,174.0634318,2024-06-27 21:00:00,Cash
824,81,13,96.33472021,2024-04-21 16:00:00,Cash
825,27,39,272.0064746,2024-06-13 18:00:00,Cash
826,35,22,178.8474215,2024-07-29 08:00:00,Debit Card
827,12,4,,2024-04-20 08:00:00,Credit Card
828,103,37,135.0879715,2024-01-06 21:00:00,PayPal
829,90,34,83.86233615,2024-09-18 18:00:00,PayPal
830,33,46,206.9139718,2024-07-08 19:00:00,Cash
831,62,26,245.6779139,2024-02-07 12:00:00,Debit Card
832,36,45,138.646711,2024-11-18 22:00:00,Debit Card
833,70,28,32.1555092,2024-11-25 16:00:00,Debit Card
834,56,17,210.7129991,2024-03-31 08:00:00,PayPal
835,109,33,267.5778097,2024-02-13 22:00:00,PayPal
836,59,9,170.9651575,2024-04-29 19:00:00,Cash
837,48,49,146.49495,2024-06-06 04:00:00,Credit Card
838,89,42,,2024-10-28 02:00:00,Debit Card
839,67,11,190.8934593,2024-02-20 09:00:00,Debit Card
840,109,43,96.94568995,2024-02-09 20:00:00,PayPal
841,18,11,190.8934593,2024-02-25 04:00:00,Credit Card
842,101,36,191.0746769,2024-12-08 04:00:00,Debit Card
843,61,16,70.72181787,2024-09-28 10:00:00,PayPal
844,17,38,255.1611648,2024-12-01 13:00:00,Debit Card
845,22,40,118.9579862,2024-10-30 10:00:00,Credit Card
846,87,7,106.0411902,2024-12-10 07:00:00,Cash
847,45,10,107.1661558,2024-07-10 23:00:00,Credit Card
848,86,21,49.92553847,2024-06-27 08:00:00,Credit Card
849,89,50,184.2503697,2024-02-02 15:00:00,Cash
850,111,35,79.37255517,2024-05-16 22:00:00,Debit Card
851,48,13,96.33472021,2024-05-03 23:00:00,Credit Card
852,52,21,49.92553847,2024-12-04 04:00:00,Debit Card
853,121,32,249.3728806,2024-03-18 12:00:00,PayPal
854,4,40,118.9579862,2024-01-31 03:00:00,Credit Card
855,16,11,190.8934593,2024-10-02 23:00:00,Credit Card
856,46,35,79.37255517,2024-11-24 07:00:00,PayPal
857,63,20,218.5329533,2024-05-14 17:00:00,PayPal
858,6,17,210.7129991,2024-08-26 15:00:00,Credit Card
859,43,48,194.6806109,2024-04-05 16:00:00,Credit Card
860,111,10,,2024-10-06 03:00:00,Credit Card
861,68,15,54.12810613,2024-10-03 02:00:00,Credit Card
862,101,12,220.5221888,2024-03-21 15:00:00,Debit Card
863,116,50,184.2503697,2024-09-14 05:00:00,Credit Card
864,57,8,244.8472514,2024-01-29 06:00:00,Debit Card
865,124,44,250.3320092,2024-11-12 19:00:00,PayPal
866,93,27,174.0634318,2024-06-23 14:00:00,Cash
867,56,1,,2024-06-26 14:00:00,PayPal
868,125,30,286.3929358,2024-12-28 22:00:00,Cash
869,42,45,138.646711,2024-01-12 07:00:00,Debit Card
870,29,22,178.8474215,2024-05-26 11:00:00,PayPal
871,5,42,238.5471443,2024-12-29 21:00:00,Debit Card
872,109,24,289.6195251,2024-01-21 10:00:00,PayPal
873,30,5,91.89743896,2024-08-07 11:00:00,Cash
874,41,49,146.49495,2024-04-20 20:00:00,Credit Card
875,19,15,54.12810613,2024-12-17 15:00:00,Cash
876,58,23,91.83757944,2024-05-12 00:00:00,Debit Card
877,27,49,146.49495,2024-10-09 09:00:00,Debit Card
878,111,17,210.7129991,2024-10-25 10:00:00,PayPal
879,65,18,70.80273735,2024-02-08 00:00:00,Debit Card
880,47,7,,2024-09-16 17:00:00,Cash
881,30,42,238.5471443,2024-05-16 12:00:00,Credit Card
882,122,35,79.37255517,2024-12-03 15:00:00,Credit Card
883,53,3,48.39783197,2024-01-07 09:00:00,PayPal
884,78,37,,2024-11-04 02:00:00,PayPal
885,56,5,91.89743896,2024-07-08 16:00:00,PayPal
886,4,41,86.32375651,2024-05-04 16:00:00,Debit Card
887,40,18,70.80273735,2024-03-06 04:00:00,Debit Card
888,53,9,170.9651575,2024-09-01 06:00:00,Credit Card
889,32,28,32.1555092,2024-03-30 09:00:00,Credit Card
890,95,39,272.0064746,2024-01-21 16:00:00,Cash
891,122,16,70.72181787,2024-08-03 14:00:00,Cash
892,44,24,289.6195251,2024-04-19 19:00:00,Credit Card
893,23,38,255.1611648,2024-03-19 08:00:00,Debit Card
894,52,3,48.39783197,2024-07-19 08:00:00,Credit Card
895,11,6,99.76441255,2024-01-15 23:00:00,Debit Card
896,50,40,118.9579862,2024-06-22 06:00:00,PayPal
897,35,27,174.0634318,2024-02-11 13:00:00,Cash
898,73,32,249.3728806,2024-10-13 10:00:00,Debit Card
899,30,48,194.6806109,2024-02-06 10:00:00,PayPal
900,98,12,,2024-04-11 18:00:00,Debit Card
901,35,23,91.83757944,2024-03-18 06:00:00,PayPal
902,80,12,,2024-11-09 06:00:00,PayPal
903,99,33,,2024-04-16 03:00:00,Cash
904,103,24,289.6195251,2024-05-29 15:00:00,Debit Card
905,96,15,54.12810613,2024-07-18 23:00:00,PayPal
906,48,24,289.6195251,2024-06-06 15:00:00,Credit Card
907,113,46,206.9139718,2024-12-09 18:00:00,Credit Card
908,32,46,206.9139718,2024-01-07 10:00:00,Credit Card
909,50,32,249.3728806,2024-11-16 09:00:00,PayPal
910,123,33,267.5778097,2024-08-11 22:00:00,Credit Card
911,66,42,238.5471443,2024-01-28 12:00:00,Debit Card
912,69,40,118.9579862,2024-06-15 23:00:00,Cash
913,1,10,107.1661558,2024-02-04 21:00:00,Credit Card
914,119,22,178.8474215,2024-02-18 01:00:00,PayPal
915,107,41,86.32375651,2024-05-25 04:00:00,Cash
916,90,38,255.1611648,2024-10-11 05:00:00,Debit Card
917,12,21,49.92553847,2024-10-13 11:00:00,Debit Card
918,46,34,83.86233615,2024-11-19 16:00:00,Debit Card
919,99,38,255.1611648,2024-03-19 15:00:00,Cash
920,48,32,249.3728806,2024-03-20 02:00:00,Debit Card
921,108,33,267.5778097,2024-03-06 07:00:00,Debit Card
922,15,4,156.0440926,2024-09-12 07:00:00,Debit Card
923,31,14,135.7937484,2024-05-19 17:00:00,Debit Card
924,9,48,194.6806109,2024-11-24 09:00:00,Credit Card
925,87,49,,2024-06-04 05:00:00,Credit Card
926,97,36,191.0746769,2024-04-28 13:00:00,PayPal
927,94,23,91.83757944,2024-05-14 16:00:00,PayPal
928,115,6,99.76441255,2024-02-04 16:00:00,Credit Card
929,92,15,54.12810613,2024-08-27 10:00:00,Cash
930,21,31,188.4513096,2024-12-12 13:00:00,PayPal
931,114,44,250.3320092,2024-12-14 10:00:00,Credit Card
932,29,19,167.0457474,2024-05-07 03:00:00,Credit Card
933,89,38,255.1611648,2024-06-20 14:00:00,Cash
934,24,33,267.5778097,2024-10-17 21:00:00,Cash
935,23,7,106.0411902,2024-06-01 16:00:00,Credit Card
936,34,40,118.9579862,2024-07-07 04:00:00,Cash
937,34,50,184.2503697,2024-04-04 21:00:00,Credit Card
938,115,11,190.8934593,2024-04-03 17:00:00,Cash
939,104,13,,2024-01-10 10:00:00,Credit Card
940,73,18,70.80273735,2024-01-01 18:00:00,Credit Card
941,20,2,118.4543524,2024-01-20 16:00:00,Cash
942,45,32,249.3728806,2024-02-03 15:00:00,Debit Card
943,27,30,286.3929358,2024-04-20 03:00:00,Cash
944,88,19,167.0457474,2024-11-29 19:00:00,Credit Card
945,79,40,118.9579862,2024-05-22 21:00:00,PayPal
946,34,20,218.5329533,2024-05-30 20:00:00,Debit Card
947,29,22,178.8474215,2024-04-01 21:00:00,Credit Card
948,82,50,,2024-07-16 23:00:00,Credit Card
949,15,39,272.0064746,2024-12-02 20:00:00,PayPal
950,97,49,146.49495,2024-03-09 22:00:00,PayPal
951,62,4,156.0440926,2024-02-16 17:00:00,Credit Card
952,96,29,197.2823852,2024-02-25 13:00:00,Credit Card
953,97,21,49.92553847,2024-02-20 11:00:00,PayPal
954,68,50,184.2503697,2024-01-01 08:00:00,Cash
955,102,41,86.32375651,2024-05-13 00:00:00,Cash
956,78,34,83.86233615,2024-06-15 19:00:00,PayPal
957,8,13,96.33472021,2024-05-19 19:00:00,Credit Card
958,16,28,32.1555092,2024-04-08 16:00:00,Cash
959,73,18,70.80273735,2024-09-29 12:00:00,Credit Card
960,115,17,210.7129991,2024-08-24 20:00:00,PayPal
961,100,6,99.76441255,2024-05-24 05:00:00,Debit Card
962,112,14,135.7937484,2024-05-04 17:00:00,Cash
963,61,30,286.3929358,2024-09-01 17:00:00,Debit Card
964,104,32,249.3728806,2024-05-23 06:00:00,Debit Card
965,123,5,91.89743896,2024-02-08 01:00:00,PayPal
966,89,16,70.72181787,2024-11-22 11:00:00,Debit Card
967,90,32,249.3728806,2024-10-03 09:00:00,Debit Card
968,123,29,197.2823852,2024-03-17 10:00:00,PayPal
969,66,14,135.7937484,2024-01-16 20:00:00,Cash
970,95,41,86.32375651,2024-05-29 07:00:00,Credit Card
971,22,50,184.2503697,2024-11-22 21:00:00,Credit Card
972,72,50,184.2503697,2024-11-25 09:00:00,PayPal
973,43,35,79.37255517,2024-11-02 11:00:00,Cash
974,73,26,,2024-05-22 11:00:00,PayPal
975,78,34,,2024-11-20 20:00:00,PayPal
976,58,2,118.4543524,2024-06-13 02:00:00,Credit Card
977,37,44,250.3320092,2024-02-16 17:00:00,Debit Card
978,94,16,70.72181787,2024-04-27 14:00:00,Debit Card
979,88,21,49.92553847,2024-09-20 16:00:00,Credit Card
980,124,4,156.0440926,2024-08-16 17:00:00,PayPal
981,8,23,91.83757944,2024-11-17 11:00:00,Cash
982,114,37,135.0879715,2024-02-27 01:00:00,PayPal
983,33,13,96.33472021,2024-11-30 05:00:00,Credit Card
984,30,6,99.76441255,2024-10-05 00:00:00,Cash
985,13,20,218.5329533,2024-11-23 09:00:00,PayPal
986,24,3,48.39783197,2024-09-23 03:00:00,Debit Card
987,40,37,,2024-06-28 02:00:00,Credit Card
988,106,3,48.39783197,2024-08-05 02:00:00,Credit Card
989,73,7,106.0411902,2024-09-11 21:00:00,PayPal
990,116,45,138.646711,2024-11-25 10:00:00,Cash
991,68,25,155.3927811,2024-12-14 03:00:00,Debit Card
992,99,15,54.12810613,2024-12-29 11:00:00,PayPal
993,33,32,249.3728806,2024-04-22 08:00:00,PayPal
994,110,22,178.8474215,2024-01-24 08:00:00,Credit Card
995,121,46,206.9139718,2024-02-14 14:00:00,Debit Card
996,46,21,49.92553847,2024-12-12 02:00:00,Cash
997,62,21,49.92553847,2024-02-22 12:00:00,PayPal
998,94,2,118.4543524,2024-11-11 03:00:00,PayPal
999,60,10,,2024-08-03 17:00:00,Credit Card
1000,36,9,170.9651575,2024-06-23 11:00:00,Credit Card
